Names,nan
Whataburger,
Torchy’s Tacos,
Pappadeaux's Seafood Kitchen,
Saltgrass Steak House,
Chuy's Tex-Mex,
Texas Roadhouse,
The Cheesecake Factory,
Olive Garden,
Fogo de Chão,
Rudy’s BBQ,
Twin Peaks,
Lupe Tortilla,
Maggiano's Little Italy,
Cheddar's Scratch Kitchen,
The Capital Grille,
McDonald's,
In-N-Out Burger,
Jack in the Box,
Chick-fil-A,
Taco Bell,
Whataburger,
Popeyes,
Wendy's,
Burger King,
Sonic Drive-In,
Raising Cane's,
Zaxby’s,
Jimmy John’s,
Checkers,
Starbucks,
Dutch Bros Coffee,
Coffee House Café,
The Kettle,
Café Brazil,
Espresso Ristorante,
Bold Bean Coffee,
Java Jacks Café,
H-E-B,
Kroger,
Walmart,
Whole Foods Market,
Randalls,
Sprouts Farmers Market,
HEB Plus,
Tom Thumb,
Central Market,
Natural Grocers,
Costco,
Sam's Club,
Lidl,
ALDI,
Farmers Market Co-Op,
DoorDash,
Uber Eats,
Grubhub,
Postmates,
Favor Delivery,
Seamless,
Perry’s Steakhouse & Grille,
The Salt Lick BBQ,
Franklin Barbecue,
Uchi,
The Rustic,
Mi Cocina,
El Tiempo Cantina,
Brenner’s Steakhouse,
The Oasis on Lake Travis,
Matt's El Rancho,
Truluck's,
Caracol,
Babe's Chicken Dinner House,
Loro,
Joe T. Garcia's,
Gristmill River Restaurant,
Cattleman's Steakhouse,
The Big Texan Steak Ranch,
Guero's Taco Bar,
Eddie V's Prime Seafood,
The Salt Lick BBQ,
Franklin Barbecue,
Pecan Lodge,
Brennan's of Houston,
Café Momentum,
La Barbecue,
Mi Tierra Cafe y Panaderia,
The Driskill Grill,
Eddie V's Prime Seafood,
Gristmill River Restaurant,
Uchi,
El Tiempo Cantina,
Matt's El Rancho,
Killen's Barbecue,
Barley Swine,
The Rustic,
Haywire,
Banger’s Sausage House,
The Pearl,
Pinkerton's Barbecue,
Perini Ranch Steakhouse,
Hard Eight BBQ,
Joe T. Garcia's,
Gringo's Mexican Kitchen,
Blue Bonnet Cafe,
Dairy Queen,
Del Taco,
Carl's Jr.,
Church’s Chicken,
Cane Rosso,
Braum's Ice Cream & Dairy,
Bojangles,
Freddy's Frozen Custard & Steakburgers,
Pei Wei Asian Diner,
El Pollo Loco,
Jason's Deli,
Culver's,
Schlotzsky's,
Wingstop,
Slim Chickens,
Mooyah Burgers,
Captain D’s,
Golden Chick,
Taco Cabana,
Pollo Regio,
Summer Moon Coffee,
Bennu Coffee,
Houndstooth Coffee,
Merit Coffee Co.,
Blacksmith Coffee,
Caffe Medici,
Greater Goods Coffee Co.,
Retrospect Coffee Bar,
Civil Goat Coffee,
Patika Coffee,
Common Grounds,
Mañana Coffee,
The Wild Detectives,
White Rhino Coffee,
Lola Savannah Coffee Lounge,
Crooked Tree Coffeehouse,
Avoca Coffee Roasters,
Southside Espresso,
Boomtown Coffee,
KoKo Ramen & Boba Tea,
Fiesta Mart,
El Rancho Supermercado,
Market Street,
Brookshire Brothers,
Brookshire’s,
La Michoacana Meat Market,
Arlan’s Market,
Mi Tienda,
Jovi’s Grocery,
Trader Joe’s,
Supermercado Monterrey,
Fiesta Foods,
Minyard Food Stores,
Cash Saver,
Carnival Supermarket,
Sunshine Food Mart,
Big Saver Foods,
Fresh by Brookshire’s,
Joe V's Smart Shop,
Bravo Ranch Supermarket,
Abuelo's Mexican Restaurant,
Black's Barbecue,
The Big Texan Steak Ranch,
Ninfa's Mexican Restaurant,
Hutchins BBQ,
Grimaldi's Pizzeria,
Texas de Brazil,
Whiskey Cake Kitchen & Bar,
The Oasis on Lake Travis,
Chama Gaúcha Brazilian Steakhouse,
Caracol Restaurant,
El Arroyo,
Loro,
Truluck's Seafood,
The Iron Cactus,
Hopdoddy Burger Bar,
Becker Vineyards Bistro,
The Beehive Restaurant,
The Melting Pot,
Liberty Kitchen & Oysterette,
Dunkin' Donuts,
Subway,
Pizza Hut,
Papa John’s,
Domino’s Pizza,
Taco Casa,
Little Caesars,
Jollibee,
Blaze Pizza,
Churchill’s Fish & Chips,
Long John Silver’s,
Panda Express,
Charleys Philly Steaks,
Fuddruckers,
Smoothie King,
KFC (Kentucky Fried Chicken),
Blimpie Subs,
Quiznos,
Tropical Smoothie Cafe,
Steak 'n Shake,
Lala’s Cafe,
Tiny’s Milk & Cookies,
Boulangerie by Village Baking Co.,
Magnolia Table,
Mudsmith Coffee,
Barbaro Coffee,
Cavallini’s Coffee,
Monarch Coffee,
The Tipping Point Coffee,
Lazy Daisy Coffee Bar,
Dandelion Cafe,
Herb & Alchemy,
The Coffee Bean & Tea Leaf,
Vida Coffee Co.,
Echo Coffee Bar,
Crimson Cup Coffee House,
Ascension Coffee,
Paper City Coffee,
Press Coffeehouse,
SouthPaw Coffee Bar,
Fiesta Mart,
Hong Kong Market,
Nam Dae Mun Farmers Market,
99 Ranch Market,
Pacific Super Market,
Favor,
DoorDash,
Uber Eats,
Grubhub,
Starbucks,
Dunkin' Donuts,
La Madeleine French Bakery & Cafe,
"Snooze, an A.M. Eatery",
Verts Kebap,
Whataburger,
Chick-fil-A,
In-N-Out Burger,
Taco Bell,
McDonald's,
Burger King,
Chipotle Mexican Grill,
Sonic Drive-In,
P.F. Chang's,
Pei Wei,
Thai Spice,
Indian Grill,
El Tiempo Cantina,
Torchy's Tacos,
Rudy's Country Store & BBQ,
Pluckers Wing Bar,
Saltgrass Steak House,
Pappadeaux Seafood Kitchen,
Perry's Steakhouse & Grill,
Hopdoddy Burger Bar,
The Original Mexican Restaurant,
H-E-B,
Kroger,
Walmart,
Albertsons,
Target,
Whole Foods Market,
Central Market,
Fiesta Mart,
Randalls,
Tom Thumb,
Instacart,
Shipt,
Amazon Fresh,
Favor,
Central Market Curbside and Delivery,
Whole Foods Market Delivery,
Albertsons Delivery,
Tom Thumb Delivery,
Randalls Delivery,
Dunkin' Donuts,
Jamba Juice,
Philz Coffee,
Tully's Coffee,
Biggby Coffee,
Gloria Jean's Coffees,
Scooter's Coffee,
PJ's Coffee,
Insomnia Cookies,
Crumbl Cookies,
Popeyes Louisiana Kitchen,
Wendy's,
KFC,
Dairy Queen,
Culver's,
Raising Cane's Chicken Fingers,
Panda Express,
Subway,
Jimmy John's,
Domino's Pizza,
Pho 79,
Nam Phong Restaurant,
Kim Son Restaurant,
India Palace,
Pak's Curry House,
Kabob Palace,
El Rincon,
La Fonda San Miguel,
Pappas Bros. Steakhouse,
Ruth's Chris Steak House,
The Oceanaire,
Brennan's of Houston,
Nobu Houston,
Ocean Prime,
Grotto Ristorante,
Vic & Anthony's Steakhouse,
Hugo's Restaurant,
Tin Drum Asian Kitchen,
Frank Pepe's Pizzeria,
Bucca di Beppo,
Sprouts Farmers Market,
Aldi,
Food Lion,
Winn-Dixie,
Piggly Wiggly,
Fresh Market,
Market Basket,
Meijer,
ShopRite,
Fairway Market,
Instacart,
Shipt,
Amazon Fresh,
Uber Eats,
Favor,
Central Market Curbside and Delivery,
Whole Foods Market Delivery,
Albertsons Delivery,
Tom Thumb Delivery,
Randalls Delivery,
FreshDirect,
Sprouts Farmers Market Delivery,
Aldi Delivery,
Walmart Grocery Delivery,
Dunkin' Donuts,
Jamba Juice,
Philz Coffee,
Tully's Coffee,
Biggby Coffee,
Gloria Jean's Coffees,
Scooter's Coffee,
PJ's Coffee,
Insomnia Cookies,
Crumbl Cookies,
Starbucks Reserve,
Intelligentsia Coffee,
Blue Bottle Coffee,
Verve Coffee,
Stumptown Coffee Roasters,
Sightglass Coffee,
Cafe Rio,
Panera Bread,
The Cheesecake Factory,
Popeyes Louisiana Kitchen,
Wendy's,
KFC,
Dairy Queen,
Culver's,
Raising Cane's Chicken Fingers,
Panda Express,
Subway,
Jimmy John's,
Domino's Pizza,
Jack in the Box,
Carl's Jr.,
Culver's,
Five Guys Burgers and Fries,
Shake Shack,
The Habit Burger Grill,
In-N-Out Burger,
Pho 79,
Nam Phong Restaurant,
Kim Son Restaurant,
India Palace,
Pak's Curry House,
Kabob Palace,
El Rincon,
La Fonda San Miguel,
Pappas Bros. Steakhouse,
Ruth's Chris Steak House,
Nobu Houston,
Ocean Prime,
Grotto Ristorante,
Vic & Anthony's Steakhouse,
Hugo's Restaurant,
Tin Drum Asian Kitchen,
Frank Pepe's Pizzeria,
Bucca di Beppo,
Nonna's Italian Kitchen,
Little Italy Pizza,
Casa de Maria,
El Rey del Taco,
The Oceanaire,
Brennan's of Houston,
Nobu Houston,
Ocean Prime,
Grotto Ristorante,
Vic & Anthony's Steakhouse,
Hugo's Restaurant,
Tin Drum Asian Kitchen,
Frank Pepe's Pizzeria,
Bucca di Beppo,
Nonna's Italian Kitchen,
Little Italy Pizza,
Casa de Maria,
El Rey del Taco,
Pappas Bros. Steakhouse,
Ruth's Chris Steak House,
Morton's Steakhouse,
Perry's Steakhouse & Grill,
The Palm Restaurant,
Del Frisco's Grille,
Steak 44,
The Oceanaire,
Brennan's of Houston,
Nobu Houston,
Ocean Prime,
Sprouts Farmers Market,
Aldi,
Food Lion,
Winn-Dixie,
Piggly Wiggly,
Fresh Market,
Market Basket,
Meijer,
ShopRite,
Fairway Market,
Trader Joe's,
Whole Foods Market,
Costco,
Sam's Club,
Kroger,
Walmart,
Target,
H-E-B,
Central Market,
Fiesta Mart,
Randalls,
Tom Thumb,
Hyderabad House,
Curry Mantra,
India Palace,
Taj Mahal Indian Cuisine,
Bombay Pizza Company,
P.F. Chang's,
Panda Express,
Pei Wei,
China Garden,
Lotus Seafood Restaurant,
Uchi,
Kata Robata,
Sushi Hana,
Benihana,
RA Sushi,
Kimchi Korean BBQ,
Seoul Garden,
Bibimbap House,
Korea House,
Pho Hoa,
Saigon Pagolac,
Huynh,
Mai's Kitchen,
Thai Spice,
Aroi Thai,
Thai Gourmet,
Thai Fresh,
Pita Pit,
Gyro Shack,
Mediterrano,
Cava,
Carrabba's Italian Grill,
Maggiano's Little Italy,
Grotto,
Gulf Coast Seafood Market,
The Oceanaire Seafood Room,
Landry's Seafood,
El Tiempo Cantina,
Torchy's Tacos,
Chuy's,
Rosa Mexicano,
H Mart,
99 Ranch Market,
Patel Brothers,
Phoenicia Specialty Foods,
Al Khalil Kabob House,
Phoenicia,
Zaatar & Thyme,
Taco Cabana,
Taco Bueno,
Taqueria Arandas,
Pho Binh,
Pho D'Lite,
Huynh,
Thai Kitchen,
Thai Chili,
Thai House,
Ramen Tatsu-ya,
Izakaya Seki,
Uchi,
WinCo Foods,
ALDI,
Lidl,
Texas Roadhouse,
Cracker Barrel,
Chili's,
El Tiempo Cantina,
Torchy's Tacos,
Chuy's,
Rosa Mexicano,
Carrabba's Italian Grill,
Maggiano's Little Italy,
Grotto,
Hyderabad House,
Curry Mantra,
India Palace,
Taj Mahal Indian Cuisine,
Bombay Pizza Company,
Aangan,
Nawab's Dum Biryani,
Masala Wok,
India's Kitchen,
Biryani Pot,
Taco Cabana,
Taco Bueno,
Taqueria Arandas,
El Tiempo Cantina,
Torchy's Tacos,
Chuy's,
Rosa Mexicano,
Velvet Taco,
Taco Diner,
Taco Joint,
India's Kitchen,
Biryani Pot,
Spice of India,
Bombay Chowpatty,
Sagar Indian Cuisine,
India's Grill,
Karma Indian Kitchen & Bar,
Urban Desi,
Namaste India,
Curry Station,
Velvet Taco,
Taco Diner,
Taco Joint,
Taco Shack,
Taco Cabana,
Taco Bueno,
Taqueria Arandas,
El Tiempo Cantina,
Torchy's Tacos,
Chuy's,
Kroger,
Walmart,
Target,
Albertsons,
Randalls,
Tom Thumb,
H-E-B,
Central Market,
Fiesta Mart,
Brookshire Brothers,
Market Street,
Patel Brothers,
India Bazaar,
Apna Bazar,
Kalindi,
Swadeshi Plaza,
Madina Market,
India House,
South Asia Bazaar,
Shahi Foods,
Subhlaxmi Grocers,
AAA Bazar,
Aarti International Inc,
Ana Food Store,
Ann's Grocers,
Bombay Bazaar,
Keemat Grocers,
HEB,
Fiesta Mart,
El Rancho,
Mi Tienda,
Walmart,
Kroger,
Target,
Albertsons,
Randalls,
Tom Thumb,
WinCo Foods,
Aldi,
Dollar General,
Family Dollar,
Patel Brothers,
India Bazaar,
Apna Bazar,
Kalindi,
Swadeshi Plaza,
Madina Market,
India House,
South Asia Bazaar,
Shahi Foods,
Subhlaxmi Grocers,
AAA Bazar,
Aarti International Inc,
Ana Food Store,
Ann's Grocers,
Bombay Bazaar,
Keemat Grocers,
Spices of India,
Sangeeta's,
Rajdhani Grocers,
Utsav Foods,
Milan Grocers,
Bhavna Grocers,
Jalaram Grocers,
Rajbhog Grocers,
Tulsi Grocers,
Amul Grocers,
Dosa Hut,
Tandoori Nights,
Spice Bazaar,
Masala Mart,
Desi Junction,
HEB,
Fiesta Mart,
El Rancho,
Mi Tienda,
Walmart,
Kroger,
Target,
Albertsons,
Randalls,
Tom Thumb,
WinCo Foods,
Aldi,
Dollar General,
Family Dollar,
La Michoacana Meat Market,
Tortilleria La Mexicana,
El Rey Supermarket,
La Michoacana Meat Market,
Carniceria Guadalajara,
Carniceria Michoacana,
La Michoacana Meat Market,
Carniceria Guadalajara,
Carniceria Michoacana,
La Michoacana Meat Market,
Carniceria Guadalajara,
Carniceria Michoacana,
La Michoacana Meat Market,
Carniceria Guadalajara,
Carniceria Michoacana,
India House,
Taj Mahal,
Curry House,
Spice of India,
Bombay Palace,
Masala Dhaba,
Tandoori Nights,
Sagar Ratna,
Aangan,
Nawab's Dum Biryani,
Masala Wok,
India's Kitchen,
Biryani Pot,
Spice of India,
Bombay Chowpatty,
Sagar Indian Cuisine,
India's Grill,
Karma Indian Kitchen & Bar,
Urban Desi,
Namaste India,
Curry Station,
Dosa Hut,
Tandoori Nights,
Spice Bazaar,
Masala Mart,
Desi Junction,
Gaylord India,
Amerinda,
Rasika,
Bukhara,
Indian Accent,
ITC Maurya,
The Spice Route,
Tamarind,
Indian By Nature,
Curry Leaf,
The Cinnamon Club,
Trishna,
Masala Art,
The Great Kebab Factory,
Chipotle Mexican Grill,
Taco Bell,
Del Taco,
Qdoba Mexican Eats,
Moe's Southwest Grill,
Rubio's Coastal Grill,
Chuy's,
On The Border Mexican Grill & Cantina,
Taco Bueno,
Taco Cabana,
El Tiempo Cantina,
Torchy's Tacos,
Rosa Mexicano,
Velvet Taco,
Taco Diner,
Taco Joint,
Taco Shack,
El Rey Taqueria,
Taqueria Arandas,
Taco Palenque,
Taco Villa,
Taco Bueno,
Taco Cabana,
El Tiempo Cantina,
Torchy's Tacos,
Rosa Mexicano,
Velvet Taco,
Taco Diner,
Taco Joint,
Taco Shack,
El Rey Taqueria,
Taqueria Arandas,
Taco Palenque,
Taco Villa,
Taco Bueno,
Taco Cabana,
El Tiempo Cantina,
Torchy's Tacos,
Rosa Mexicano,
Velvet Taco,
India House,
Taj Mahal,
Curry House,
Spice of India,
Bombay Palace,
Masala Dhaba,
Tandoori Nights,
Sagar Ratna,
Aangan,
Nawab's Dum Biryani,
Masala Wok,
India's Kitchen,
Biryani Pot,
Spice of India,
Bombay Chowpatty,
Sagar Indian Cuisine,
India's Grill,
Karma Indian Kitchen & Bar,
Urban Desi,
Namaste India,
Curry Station,
Dosa Hut,
Tandoori Nights,
Spice Bazaar,
Masala Mart,
Desi Junction,
Gaylord India,
Amerinda,
Rasika,
Bukhara,
Indian Accent,
ITC Maurya,
The Spice Route,
Tamarind,
Indian By Nature,
Curry Leaf,
The Cinnamon Club,
Trishna,
Masala Art,
The Great Kebab Factory,
Chennai Dosa Corner,
Hyderabad House,
Curry Mantra,
Anokhi,
Royal India,
Indian Oven,
Taste of India,
Indian Summer,
Curry Leaves,
Namaste,
Indian Flavors,
Spice World,
Indian Fusion,
Curry & Kebabs,
Indian Grill Room,
Indian Cuisine,
Indian Tiffin Center,
Indian Fusion Cafe,
Indian Street Food,
Indian Fusion Bistro,
Chipotle Mexican Grill,
Taco Bell,
Del Taco,
Qdoba Mexican Eats,
Moe's Southwest Grill,
Rubio's Coastal Grill,
Chuy's,
On The Border Mexican Grill & Cantina,
Taco Bueno,
Taco Cabana,
El Tiempo Cantina,
Torchy's Tacos,
Rosa Mexicano,
Velvet Taco,
Taco Diner,
Taco Joint,
Taco Shack,
El Rey Taqueria,
Taqueria Arandas,
Taco Palenque,
Taco Villa,
Taco Bueno,
Taco Cabana,
El Tiempo Cantina,
Torchy's Tacos,
Rosa Mexicano,
Velvet Taco,
Taco Diner,
Taco Joint,
Taco Shack,
El Rey Taqueria,
Taqueria Arandas,
Taco Palenque,
Taco Villa,
Taco Bueno,
Taco Cabana,
El Tiempo Cantina,
Torchy's Tacos,
Rosa Mexicano,
Velvet Taco,
Mi Cocina,
Puesto,
Don Julio,
La Condesa,
El Naranjo,
Fogo de Chão,
Truluck's,
Perry's Steakhouse & Grill,
Pappadeaux Seafood Kitchen,
Saltgrass Steak House,
Ocean Prime,
The Oceanaire,
Brennan's of Houston,
Hugo's,
Pappas Bros. Steakhouse,
Ruth's Chris Steak House,
Vic & Anthony's Steakhouse,
Grotto Ristorante,
Nobu Houston,
Kata Robata,
Whataburger,
Chick-fil-A,
In-N-Out Burger,
Taco Bell,
McDonald's,
Burger King,
Chipotle Mexican Grill,
Sonic Drive-In,
Popeyes Louisiana Kitchen,
Wendy's,
KFC,
Dairy Queen,
Culver's,
Raising Cane's Chicken Fingers,
Panda Express,
Subway,
Jimmy John's,
Domino's Pizza,
Jack in the Box,
Carl's Jr.,
Culver's,
Five Guys Burgers and Fries,
Shake Shack,
The Habit Burger Grill,
In-N-Out Burger,
H-E-B,
Kroger,
Walmart,
Albertsons,
Target,
Whole Foods Market,
Central Market,
Fiesta Mart,
Randalls,
Tom Thumb,
Sprouts Farmers Market,
Aldi,
Food Lion,
Winn-Dixie,
Piggly Wiggly,
Fresh Market,
Market Basket,
Meijer,
ShopRite,
Fairway Market,
Trader Joe's,
Costco,
Sam's Club,
Panera Bread,
Chick-fil-A,
Five Guys,
Shake Shack,
Chili's,
Applebee's,
Outback Steakhouse,
TGI Fridays,
Olive Garden,
Perry's Steakhouse & Grill,
Pappas Bros. Steakhouse,
Ruth's Chris Steak House,
Vic & Anthony's Steakhouse,
Hugo's,
seafood ,
restaurant,
bbq,
Whataburger,
Chick-fil-A,
In-N-Out Burger,
Taco Bell,
McDonald's,
Chipotle Mexican Grill,
Starbucks,
Dunkin' Donuts,
Rudy's Country Store & BBQ,
Pluckers Wing Bar,
Saltgrass Steak House,
Torchy's Tacos,
Hopdoddy Burger Bar,
The Original Mexican Restaurant,
El Tiempo Cantina,
La Madeleine French Bakery & Cafe,
"Snooze, an A.M. Eatery",
Starbucks,
Dunkin' Donuts,
La Madeleine French Bakery & Cafe,
"Snooze, an A.M. Eatery",
Philz Coffee,
Tully's Coffee,
Biggby Coffee,
Gloria Jean's Coffees,
Scooter's Coffee,
PJ's Coffee,
Insomnia Cookies,
Crumbl Cookies,
Starbucks Reserve,
Intelligentsia Coffee,
Blue Bottle Coffee,
Verve Coffee,
Stumptown Coffee Roasters,
Sightglass Coffee,
Cafe Rio,
Panera Bread,
The Ginger Man,
The Handlebar,
The Belmont,
Midnight Cowboy,
The Rabbit Hole,
The Ginger Man,
The Blind Pig,
The Little Woodrow's,
The Dog & Pony Show,
The Ginger Man,
The Handlebar,
The Belmont,
Midnight Cowboy,
The Rabbit Hole,
The Blind Pig,
The Little Woodrow's,
The Dog & Pony Show,
The Ginger Man,
The Handlebar,
The Belmont,
Midnight Cowboy,
The Rabbit Hole,
The Blind Pig,
The Little Woodrow's,
The Dog & Pony Show,
The Ginger Man,
The Handlebar,
The Belmont,
Midnight Cowboy,
The Rabbit Hole,
The Blind Pig,
The Little Woodrow's,
The Dog & Pony Show,
The Ginger Man,
The Handlebar,
The Belmont,
Midnight Cowboy,
The Rabbit Hole,
The Blind Pig,
The Little Woodrow's,
The Dog & Pony Show,
The Ginger Man,
The Handlebar,
The Belmont,
Midnight Cowboy,
The Rabbit Hole,
The Blind Pig,
The Little Woodrow's,
The Dog & Pony Show,
The Ginger Man,
The Handlebar,
The Belmont,
Midnight Cowboy,
The Rabbit Hole,
The Blind Pig,
The Little Woodrow's,
The Dog & Pony Show,
The Ginger Man,
The Handlebar,
The Belmont,
Midnight Cowboy,
The Rabbit Hole,
The Blind Pig,
The Little Woodrow's,
The Dog & Pony Show,
The Ginger Man,
The Handlebar,
The Belmont,
Midnight Cowboy,
The Rabbit Hole,
The Blind Pig,
The Little Woodrow's,
The Dog & Pony Show,
The Ginger Man,
The Handlebar,
The Belmont,
Midnight Cowboy,
The Rabbit Hole,
The Blind Pig,
The Little Woodrow's,
The Dog & Pony Show,
The Ginger Man,
The Handlebar,
The Belmont,
Midnight Cowboy,
The Rabbit Hole,
The Blind Pig,
The Little Woodrow's,
The Dog & Pony Show,
The Ginger Man,
The Handlebar,
The Belmont,
Midnight Cowboy,
The Rabbit Hole,
The Blind Pig,
The Little Woodrow's,
The Dog & Pony Show,
The Ginger Man,
The Handlebar,
The Belmont,
Midnight Cowboy,
The Rabbit Hole,
The Blind Pig,
The Little Woodrow's,
The Dog & Pony Show,
The Ginger Man,
The Handlebar,
The Belmont,
Midnight Cowboy,
The Rabbit Hole,
The Blind Pig,
The Little Woodrow's,
The Dog & Pony Show,
The Ginger Man,
The Handlebar,
The Belmont,
Midnight Cowboy,
The Rabbit Hole,
The Blind Pig,
The Little Woodrow's,
The Dog & Pony Show,
The Ginger Man,
The Handlebar,
The Belmont,
Midnight Cowboy,
The Rabbit Hole,
The Blind Pig,
The Little Woodrow's,
The Dog & Pony Show,
The Ginger Man,
The Handlebar,
The Belmont,
Midnight Cowboy,
The Rabbit Hole,
The Blind Pig,
The Little Woodrow's,
The Dog & Pony Show,
The Ginger Man,
The Handlebar,
The Belmont,
Midnight Cowboy,
The Rabbit Hole,
The Blind Pig,
The Little Woodrow's,
The Dog & Pony Show,
The Ginger Man,
The Handlebar,
The Belmont,
Midnight Cowboy,
The Rabbit Hole,
The Blind Pig,
The Little Woodrow's,
The Dog & Pony Show,
The Ginger Man,
The Handlebar,
The Belmont,
Midnight Cowboy,
The Rabbit Hole,
The Blind Pig,
The Little Woodrow's,
The Dog & Pony Show,
The Ginger Man,
The Handlebar,
The Belmont,
Midnight Cowboy,
The Rabbit Hole,
The Blind Pig,
The Little Woodrow's,
The Dog & Pony Show,
The Ginger Man,
The Handlebar,
The Belmont,
Midnight Cowboy,
The Rabbit Hole,
The Blind Pig,
The Little Woodrow's,
The Dog & Pony Show,
The Ginger Man,
The Handlebar,
The Belmont,
Midnight Cowboy,
The Rabbit Hole,
The Blind Pig,
The Little Woodrow's,
The Dog & Pony Show,
The Ginger Man,
The Handlebar,
The Belmont,
Midnight Cowboy,
The Rabbit Hole,
The Blind Pig,
The Little Woodrow's,
The Dog & Pony Show,
The Ginger Man,
The Handlebar,
The Belmont,
Midnight Cowboy,
The Rabbit Hole,
The Blind Pig,
The Little Woodrow's,
The Dog & Pony Show,
The Ginger Man,
The Handlebar,
The Belmont,
Midnight Cowboy,
The Rabbit Hole,
The Blind Pig,
The Little Woodrow's,
The Dog & Pony Show,
The Ginger Man,
The Handlebar,
The Belmont,
Midnight Cowboy,
The Rabbit Hole,
The Blind Pig,
The Little Woodrow's,
The Dog & Pony Show,
The Ginger Man,
The Handlebar,
The Belmont,
Midnight Cowboy,
The Rabbit Hole,
The Blind Pig,
The Little Woodrow's,
The Dog & Pony Show,
The Ginger Man,
The Handlebar,
The Belmont,
Midnight Cowboy,
The Rabbit Hole,
The Blind Pig,
The Little Woodrow's,
The Dog & Pony Show,
The Ginger Man,
The Handlebar,
The Belmont,
Midnight Cowboy,
The Rabbit Hole,
The Blind Pig,
The Little Woodrow's,
The Dog & Pony Show,
The Ginger Man,
The Handlebar,
The Belmont,
Midnight Cowboy,
The Rabbit Hole,
The Blind Pig,
The Little Woodrow's,
The Dog & Pony Show,
The Ginger Man,
The Handlebar,
The Belmont,
Midnight Cowboy,
The Rabbit Hole,
The Blind Pig,
The Little Woodrow's,
The Dog & Pony Show,
The Ginger Man,
The Handlebar,
The Belmont,
Midnight Cowboy,
The Rabbit Hole,
The Blind Pig,
The Little Woodrow's,
The Dog & Pony Show,
The Ginger Man,
The Handlebar,
The Belmont,
Midnight Cowboy,
The Rabbit Hole,
The Blind Pig,
The Little Woodrow's,
The Dog & Pony Show,
The Ginger Man,
The Handlebar,
The Belmont,
Midnight Cowboy,
Starbucks,
Dunkin' Donuts,
La Madeleine French Bakery & Cafe,
"Snooze, an A.M. Eatery",
Philz Coffee,
Tully's Coffee,
Biggby Coffee,
Gloria Jean's Coffees,
Scooter's Coffee,
PJ's Coffee,
Insomnia Cookies,
Crumbl Cookies,
Starbucks Reserve,
Intelligentsia Coffee,
Blue Bottle Coffee,
Verve Coffee,
Stumptown Coffee Roasters,
Sightglass Coffee,
Cafe Rio,
Panera Bread,
Dutch Bros. Coffee,
Peet's Coffee,
Caribou Coffee,
Black Rifle Coffee Company,
Revelator Coffee,
Onyx Coffee Lab,
Klatch Coffee,
Madcap Coffee,
Bird Rock Coffee Roasters,
The Ginger Man,
The Handlebar,
The Belmont,
Midnight Cowboy,
The Rabbit Hole,
The Blind Pig,
The Little Woodrow's,
The Dog & Pony Show,
The Ginger Man,
The Handlebar,
The Belmont,
Midnight Cowboy,
The Rabbit Hole,
The Blind Pig,
The Little Woodrow's,
The Dog & Pony Show,
The Ginger Man,
The Handlebar,
The Belmont,
Midnight Cowboy,
The Rabbit Hole,
The Blind Pig,
The Little Woodrow's,
The Dog & Pony Show,
The Ginger Man,
The Handlebar,
The Belmont,
Midnight Cowboy,
The Rabbit Hole,
The Blind Pig,
The Little Woodrow's,
The Dog & Pony Show,
The Ginger Man,
The Handlebar,
The Belmont,
Midnight Cowboy,
The Rabbit Hole,
The Blind Pig,
The Little Woodrow's,
The Dog & Pony Show,
The Ginger Man,
The Handlebar,
The Belmont,
Midnight Cowboy,
The Rabbit Hole,
The Blind Pig,
The Little Woodrow's,
The Dog & Pony Show,
The Ginger Man,
The Handlebar,
The Belmont,
Midnight Cowboy,
The Rabbit Hole,
The Blind Pig,
The Little Woodrow's,
The Dog & Pony Show,
The Ginger Man,
The Handlebar,
The Belmont,
Midnight Cowboy,
The Rabbit Hole,
The Blind Pig,
The Little Woodrow's,
The Dog & Pony Show,
The Ginger Man,
The Handlebar,
The Belmont,
Midnight Cowboy,
The Rabbit Hole,
The Blind Pig,
The Little Woodrow's,
The Dog & Pony Show,
The Ginger Man,
The Handlebar,
The Belmont,
Midnight Cowboy,
The Rabbit Hole,
The Blind Pig,
The Little Woodrow's,
The Dog & Pony Show,
The Ginger Man,
The Handlebar,
The Belmont,
Midnight Cowboy,
The Rabbit Hole,
The Blind Pig,
The Little Woodrow's,
The Dog & Pony Show,
The Ginger Man,
The Handlebar,
The Belmont,
Midnight Cowboy,
The Rabbit Hole,
The Blind Pig,
The Little Woodrow's,
The Dog & Pony Show,
The Ginger Man,
The Handlebar,
The Belmont,
Midnight Cowboy,
The Rabbit Hole,
The Blind Pig,
The Little Woodrow's,
The Dog & Pony Show,
The Ginger Man,
The Handlebar,
The Belmont,
Midnight Cowboy,
The Rabbit Hole,
The Blind Pig,
The Little Woodrow's,
The Dog & Pony Show,
The Ginger Man,
The Handlebar,
The Belmont,
Midnight Cowboy,
The Rabbit Hole,
The Blind Pig,
The Little Woodrow's,
The Dog & Pony Show,
The Ginger Man,
The Handlebar,
The Belmont,
Midnight Cowboy,
The Rabbit Hole,
The Blind Pig,
The Little Woodrow's,
The Dog & Pony Show,
The Ginger Man,
The Handlebar,
The Belmont,
Midnight Cowboy,
The Rabbit Hole,
The Blind Pig,
The Little Woodrow's,
The Dog & Pony Show,
The Ginger Man,
The Handlebar,
The Belmont,
Midnight Cowboy,
The Rabbit Hole,
The Blind Pig,
The Little Woodrow's,
The Dog & Pony Show,
The Ginger Man,
The Handlebar,
The Belmont,
Midnight Cowboy,
The Rabbit Hole,
The Blind Pig,
The Little Woodrow's,
The Dog & Pony Show,
The Ginger Man,
The Handlebar,
The Belmont,
Midnight Cowboy,
The Rabbit Hole,
The Blind Pig,
The Little Woodrow's,
The Dog & Pony Show,
The Ginger Man,
The Handlebar,
The Belmont,
Midnight Cowboy,
The Rabbit Hole,
The Blind Pig,
The Little Woodrow's,
The Dog & Pony Show,
The Ginger Man,
The Handlebar,
The Belmont,
Midnight Cowboy,
The Rabbit Hole,
The Blind Pig,
The Little Woodrow's,
The Dog & Pony Show,
The Ginger Man,
The Handlebar,
The Belmont,
Midnight Cowboy,
The Rabbit Hole,
The Blind Pig,
The Little Woodrow's,
The Dog & Pony Show,
The Ginger Man,
The Handlebar,
The Belmont,
Midnight Cowboy,
The Rabbit Hole,
The Blind Pig,
The Little Woodrow's,
The Dog & Pony Show,
The Ginger Man,
The Handlebar,
The Belmont,
Midnight Cowboy,
The Rabbit Hole,
The Blind Pig,
The Little Woodrow's,
The Dog & Pony Show,
The Ginger Man,
The Handlebar,
The Belmont,
Midnight Cowboy,
The Rabbit Hole,
The Blind Pig,
The Little Woodrow's,
The Dog & Pony Show,
The Ginger Man,
The Handlebar,
The Belmont,
Midnight Cowboy,
The Rabbit Hole,
The Blind Pig,
The Little Woodrow's,
The Dog & Pony Show,
The Ginger Man,
The Handlebar,
The Belmont,
Midnight Cowboy,
The Rabbit Hole,
The Blind Pig,
The Little Woodrow's,
The Dog & Pony Show,
The Ginger Man,
The Handlebar,
The Belmont,
Midnight Cowboy,
The Rabbit Hole,
The Blind Pig,
The Little Woodrow's,
The Dog & Pony Show,
The Ginger Man,
The Handlebar,
The Belmont,
Midnight Cowboy,
The Rabbit Hole,
The Blind Pig,
The Little Woodrow's,
The Dog & Pony Show,
The Ginger Man,
The Handlebar,
The Belmont,
Midnight Cowboy,
The Rabbit Hole,
The Blind Pig,
The Little Woodrow's,
The Dog & Pony Show,
The Ginger Man,
The Handlebar,
The Belmont,
Midnight Cowboy,
The Rabbit Hole,
The Blind Pig,
The Little Woodrow's,
The Dog & Pony Show,
The Ginger Man,
The Handlebar,
The Belmont,
Midnight Cowboy,
The Rabbit Hole,
The Blind Pig,
The Little Woodrow's,
The Dog & Pony Show,
The Ginger Man,
The Handlebar,
The Belmont,
Midnight Cowboy,
Meddlesome Moth,
Dragonfly,
Town Hearth,
Uchi,
Pappas Bros. Steakhouse,
Ruth's Chris Steak House,
Perry's Steakhouse & Grill,
Truluck's,
Fogo de Chão,
Mi Cocina,
Torchy's Tacos,
Puesto,
Don Julio,
La Condesa,
El Naranjo,
The French Room,
Grotto,
Pappasito's Cantina,
Meso Maya,
Javier's,
CBD Provisions,
The Rustic,
State Fair of Texas (seasonal),
Pecado Bakery & Cafe,
Cafe Momentum,
Compass Coffee,
HG Splyco,
The Porch,
Proof & Pantry,
Monkey King Noodle Bar,
Lucia,
Bullion,
Town Hall,
Grace,
Bonnell's Fine Texas Cuisine,
Joe T. Garcia's,
The Ranch at Las Colinas,
Billy Bob's Texas,
Lonesome Dove Western Bistro,
Reata,
Riscky's Barbeque,
Del Frisco's Double Eagle Steakhouse,
The Woodshed Smokehouse,
Pier 1 Imports Restaurant,
Brewed,
The Usual,
Clay Pigeon,
Panther City BBQ,
Del Frisco's Grille,
Yard House,
Seasons 52,
Wolfgang Puck,
The Capital Grille,
Eddie V's Prime Seafood,
Harvest at the Masonic,
The Yard,
107 Roasters,
Twisted Root Burger Co.,
Crush Wine Bar,
Uno Mas Tacos & Tequila,
Blue Sushi Sake Grill,
Cafe on the Square,
Del Frisco's Grille,
Yard House,
Seasons 52,
Wolfgang Puck,
The Capital Grille,
Pappas Bros. Steakhouse,
Ruth's Chris Steak House,
Perry's Steakhouse & Grill,
The Saffron Thread,
Spice & Soul,
Curry Leaf Cafe,
The Clay Oven,
Saffron Tales,
The Turmeric Trail,
The Ginger & Lime,
Masala Mantra,
The Curry Cloud,
The Spice Merchant,
Indigo Spice,
Urban Tadka,
The Spice Room,
Saffron & Spice,
The Curry Collective,
The Spice Lounge,
The Curry Leaf,
The Masala House,
The Curry Pot,
The Spice Route,
The Maharaja Palace,
The Royal Dhaba,
The Nawab's Kitchen,
The Taj Mahal,
The Mughal Room,
The Emperor's Table,
The Royal Spice,
The Maharaja's Delight,
The Imperial Curry,
The Grand Tandoor,
Bawarchi Biryanis & Grill,
Hyderabad House,
India Palace,
Curry Mantra,
Taj Mahal,
51 Rainbow Indian Grill & Momo House,
Tantra - Modern Indian Bistro,
GoliSoda,
Bawarchi Biryanis & Grill,
Hyderabad House,
India Palace,
Curry Mantra,
Taj Mahal,
Claypit,
Saffron Indian Bistro,
Biryani Pot,
India Palace of Irving,
Curry & Kabob,
India Palace of McKinney,
Saffron Indian Cuisine,
Curry Leaf,
Bombay Bites,
Madras Pavilion,
Chennai Dosa,
Bombay Palace,
Spice of India,
Sitar Indian Cuisine,
India Oven,
our place indian cuisine,
indian 101,
pasand indian cuisine,
spices of india kitchen,
mayuri indian restaurant,
saravanaa bhavan,
desi district,
andhra mess,
bombay chowpatty,
kuchipudi indian kitchen ,
masala work indian ,
southern spice,
samosa hut and grill,
bombay sizzlers pub and grill,
texas king,
biryanis and more,
rajwadi food,
taj chaat house,
dera grill,
dera grill,
indian imports cafe,
hot breads,
bawarchi indian cuisine,
honest restaurant,
pista house,
deccan grill,
amaravti indian fine dine,
swagathi biryanis,
sarigama indian cafe and supermarket,
mythri's indian cuisine,
naglo restaurant and bar,
curryleaf restaurant bar and banquet,
indian vegan cafe,
O'desi aroma,
prasunas kitchen,
paradise express biryanis and kebabs,
momostop,
biryani bistro,
dithyas indian kitchen,
teja tummuru,
shalimar market,
kabab N kurry,
desi bites,
hello india,
shree vimals,
hat creek burger ,
sichuan folk,
asian buffet,
kelly's at the village,
sofra kebab house,
local yocal bbq & grill,
miss pasta,
masla twist richardson,
pizza inn,
Grill,
Cafe,
,
Bistro,
,
Kitchen,
,
Diner,
,
Bar,
,
House,
,
Steakhouse,
,
Eatery,
,
Pub,
,
Tavern,
,
Cantina,
,
Bakery,
,
Lounge,
,
Trattoria,
,
Ristorante,
,
Pizzeria,
,
Tapas,
,
Brasserie,
,
Inn,
Barbecue,
,
Chophouse,
,
Taqueria,
,
Cantina,
,
Osteria,
,
Patisserie,
,
Taverna,
,
Gastro,
,
Smokehouse,
,
Cucina,
,
Eatery,
,
Brunch,
,
Ranch,
,
Cellar,
,
Depot,
,
Parlor,
,
Canteen,
,
Delicatessen,
,
Inn,
,
Ribhouse,
Kalachandji’s,
,
India 101,
,
India Palace,
,
Desi District,
,
Vindu Indian Cuisine,
,
Shri Balaji Bhavan,
,
ISTA Indian Cuisine,
,
Delhi6 Indian Kitchen & Bar,
,
Mughlai Fine Indian Cuisine,
,
India Chaat Cafe,
,
Spice In The City,
,
Mumbai Grill,
,
Roti Grill,
,
Ame Taj Mahal Indian Restaurant & Bar,
,
Urban Tadka,
,
Mintt India Garden,
,
Astoria Biryani Point,
,
Samosa Hut and Grill,
,
Al-Kabob Grill & Cafe,
,
SauceBros,
,
Unapologetic Foods,
,
Kitchen of Kuchipudi,
,
Hashtag India,
,
Punjabi Dhaba,
,
Godavari,
,
Andhra Mess,
,
Underground Indian,
,
India Haat,
,
Iravat India’s Bistro,
,
Tandoor Indian Restaurant,
,
King’s Kitchen Indian Restaurant,
,
Chennai Cafe,
,
Spice ‘N’ Rice Indian Cuisine,
,
Saravanaa Bhavan,
,
Tandoori Times,
,
Noon Mirch,
,
India’s Restaurant,
,
Pista House,
,
Taj Chaat House,
,
SauceBros,
,
Samosa Hut and Grill,
,
Al-Kabob Grill & Cafe,
,
SauceBros,
,
Unapologetic Foods,
,
Kitchen of Kuchipudi,
,
Hashtag India,
,
Punjabi Dhaba,
,
Godavari,
,
Andhra Mess,
,
Underground Indian,
,
India Haat,
,
Iravat India’s Bistro,
,
Tandoor Indian Restaurant,
,
King’s Kitchen Indian Restaurant,
,
Chennai Cafe,
,
Spice ‘N’ Rice Indian Cuisine,
,
Saravanaa Bhavan,
,
Tandoori Times,
,
Noon Mirch,
,
India’s Restaurant,
,
Pista House,
,
Taj Chaat House,
,
SauceBros,
,
Samosa Hut and Grill,
,
Al-Kabob Grill & Cafe,
,
SauceBros,
,
Unapologetic Foods,
,
Kitchen of Kuchipudi,
,
Hashtag India,
,
Punjabi Dhaba,
,
Godavari,
,
Andhra Mess,
,
Underground Indian,
,
India Haat,
,
Iravat India’s Bistro,
,
Tandoor Indian Restaurant,
,
King’s Kitchen Indian Restaurant,
,
Chennai Cafe,
,
Spice ‘N’ Rice Indian Cuisine,
,
Saravanaa Bhavan,
,
Tandoori Times,
,
Noon Mirch,
,
India’s Restaurant,
,
Pista House,
,
Taj Chaat House,
,
SauceBros,
,
Samosa Hut and Grill,
,
Al-Kabob Grill & Cafe,
,
SauceBros,
,
Unapologetic Foods,
,
Kitchen of Kuchipudi,
,
Hashtag India,
,
Punjabi Dhaba,
,
Godavari,
,
Andhra Mess,
,
Underground Indian,
,
India Haat,
,
Iravat India’s Bistro,
,
Tandoor Indian Restaurant,
,
King’s Kitchen Indian Restaurant,
Spice,
,
Curry,
,
Tandoori,
,
Masala,
,
Chaat,
,
Palace,
,
Mahal,
,
Biryani,
,
Dhaba,
,
House,
,
Grill,
,
Garden,
,
Kitchen,
,
Cafe,
,
Cuisine,
Naan,
,
Paneer,
,
Kebab,
,
Saffron,
,
Rasoi,
,
Paratha,
,
Thali,
,
Desi,
,
Thyme,
,
Chutney,
,
Garlic,
,
Herb,
,
Mint,
,
Rice,
,
Samosa,
,
Aloo,
,
Rajma,
,
Dal,
,
Tiffin,
,
Cafe,
,
Shanti,
,
Biryani,
,
Spices,
,
Flavors,
,
Joy,
,
Sweets,
,
Tandoor,
,
Village,
,
Masala,
,
Table,
,
Taste,
,
Choice,
,
Curry,
,
Feast,
,
Dosa,
,
Tadka,
,
King,
,
Queen,
,
Mango,
,
Papadum,
Korma,
,
Paneer,
,
Vindaloo,
,
Bhaji,
,
Chole,
,
Basmati,
,
Butter,
,
Ghee,
,
Roti,
,
Haldi,
,
Cilantro,
,
Chai,
,
Spice,
,
Flavor,
,
Masala,
,
Chutney,
,
Zesty,
,
Nawab,
,
Maharaja,
,
Biryani,
,
Tandoori,
,
Cafe,
,
Punjab,
,
Utsav,
,
Haveli,
,
Rangoli,
,
Mirchi,
,
Kadhai,
,
Mithai,
,
Kulfi,
,
Chawal,
,
Paratha,
,
Thali,
,
Jalebi,
,
Pakora,
,
Aloo,
,
Rajma,
,
Dal,
,
Rasoi,
,
Murg,
,
Zest,
,
Zaika,
,
Desi,
,
Saag,
,
Bhindi,
,
Amritsari,
,
Kebabs,
,
Swaad,
,
Nasha,
,
Temptation,
,
Ruchira,
,
Mughal,
,
Chokhi,
,
Saffron,
,
Mezbaan,
,
Yum,
,
Madras,
,
Pondicherry,
,
Masaledar,
,
Tadka,
Samosa,
,
Garam,
,
Karahi,
,
Masaledaar,
,
Zaika,
,
Desi,
,
Indigo,
,
Rangoli,
,
Aangan,
,
Gulab,
,
Rasoi,
,
Dilli,
,
Curry,
,
Papad,
,
Tandoor,
,
Roti,
,
Paneer,
,
Paratha,
,
Saag,
,
Dhaba,
,
Gulab,
,
Nimboo,
,
Chatpata,
,
Dosa,
,
Aloo,
,
Rajma,
,
Dal,
,
Kofta,
,
Puri,
,
Chutney,
,
Haldi,
,
Jeera,
,
Cardamom,
,
Tikka,
,
Thali,
,
Bhaji,
,
Pav,
,
Kachori,
,
Kadhai,
,
Raita,
,
Achari,
,
Makhani,
,
Khichdi,
,
Methi,
,
Pulao,
,
Idli,
,
Dhokla,
,
Rogan,
,
Josh,
,
Sev,
,
Kesar,
,
Achaar,
,
Kebab,
,
Lassi,
,
Gulab,
,
Jamun,
,
Chole,
,
Bhature,
,
Malai,
Cantina,
,
Taqueria,
,
Taco,
,
Fajita,
,
Margarita,
,
Burrito,
,
Salsa,
,
Tequila,
,
Queso,
,
Fiesta,
,
Loco,
,
Tortilla,
,
Grill,
,
Casa,
,
Chili,
,
Nachos,
,
Churro,
,
Ranchero,
,
El,
,
La,
,
Luna,
,
Sol,
,
Mex,
,
Tres,
,
Sabores,
,
Sombra,
,
Amigo,
,
Del,
,
Corazon,
,
Bandido,
,
Rico,
,
Azul,
,
Fresco,
,
Patio,
,
Hacienda,
,
Rosa,
,
Verde,
,
Rojo,
,
Jalapeno,
,
Agave,
Cantina,
,
Pepe,
,
Guacamole,
,
Cazuela,
,
Plaza,
,
Delicious,
,
Corona,
,
Mexicana,
,
Viva,
,
Mariscos,
,
Bodega,
,
Bandera,
,
Pico,
,
Gallo,
,
Paloma,
,
Baja,
,
Carnitas,
,
Adobe,
,
Ranch,
,
Alegria,
,
Enchilada,
,
Con,
,
Sabores,
,
Comida,
,
Bravura,
,
Elote,
,
Asada,
,
Mojito,
,
Mole,
,
Loco,
,
Macho,
,
Chico,
,
Puebla,
,
Rico,
,
Coyote,
,
Veracruz,
,
Sabor,
,
Chula,
,
Vieja,
,
Palapa,
,
Piquante,
,
Salud,
,
Limon,
,
Bravo,
,
Pinata,
,
Oaxaquena,
,
Mexicali,
,
Marisqueria,
,
Mi,
,
Molcajete,
,
Tlaxcalli,
,
Alambre,
,
Panchos,
,
Patron,
,
Mariachi,
,
Nopal,
,
Margarita,
,
Alamo,
,
Tapatio,
,
Aguacate,
El,
,
Taco,
,
Luchador,
,
Fuego,
,
Nopal,
,
Azteca,
,
Monterrey,
,
Margaritas,
,
Amigo,
,
Calle,
,
Sol,
,
Bandido,
,
Diablo,
,
Cocina,
,
Lupita,
,
Verde,
,
Rosa,
,
Rojo,
,
Oro,
,
Dos,
,
Cerveza,
,
Caliente,
,
Sierra,
,
Mariposa,
,
Gustavo,
,
Madero,
,
Chapultepec,
,
Sombrero,
,
Borracho,
,
Ranchero,
,
Cazuela,
,
Plaza,
,
Rio,
,
Gusto,
,
Cielo,
,
Juarez,
,
Pescado,
,
Loma,
,
Bistro,
,
Fiesta,
,
Pepe,
,
Cactus,
,
Vista,
,
Flor,
,
Corazon,
,
Valle,
,
Bosque,
,
Viento,
,
Viva,
,
Laguna,
,
Guerrero,
,
Paz,
,
Pared,
,
Sombrilla,
,
Puerta,
,
Cuatro,
,
Cinco,
,
Seis,
,
Siete,
,
Ocho,
,
Nueve,
,
Diez,
,
Hermosa,
,
Bella,
,
Rico,
,
Gallo,
,
Plata,
,
Rubio,
,
Bronce,
,
Cobre,
,
Nieve,
,
Sol,
,
Luz,
,
Brillo,
,
Feliz,
,
Cielo,
,
Noche,
,
Dia,
,
Arena,
,
Selva,
,
Desierto,
,
Luna,
,
Venado,
,
Coyote,
,
Aguila,
,
Rana,
,
Cisne,
,
Pato,
,
Zorro,
,
Toro,
,
Lagarto,
,
Caiman,
,
Tortuga,
,
Caracol,
,
Estrella,
,
Arco,
,
Iris,
,
Sapo,
,
Bisonte,
,
Jinete,
Paleta,
,
Carne,
,
Frijoles,
,
Pollo,
,
Tamale,
,
Caldo,
,
Esquites,
,
Torta,
,
Menudo,
,
Pozole,
,
Chili,
,
Relleno,
,
Birria,
,
Ceviche,
,
Chipotle,
,
Dorados,
,
Empanada,
,
Nopalito,
,
Chicharron,
,
Horchata,
,
Jamaica,
,
Aguas,
,
Frescas,
,
Camarones,
,
Sopa,
,
Huarache,
,
Sopes,
,
Sincronizada,
,
Pambazo,
,
Mollete,
,
Quesadilla,
,
Chilaquiles,
,
Bistec,
,
Queso,
,
Campechano,
,
Lengua,
,
Tripas,
,
Cochinita,
,
Bistec,
,
Rajas,
,
Masa,
,
Molcajete,
,
Molletes,
,
Oaxaqueño,
,
Tostada,
,
Ensala,
,
Albondigas,
,
Tostiloco,
,
Mexicali,
,
Tazon,
,
Cazuela,
,
Gringa,
,
Habanero,
,
Serrano,
,
Poblano,
,
Chimichanga,
,
Carnitas,
,
Surtido,
,
Camarones,
,
Vegan,
,
Verduras,
,
Fruta,
,
Vegetariano,
,
Fuego,
,
Sazon,
,
Picante,
,
Picado,
,
Camote,
,
Calabacitas,
,
Jicama,
,
Aceitunas,
,
Mezcal,
,
Mango,
,
Chayote,
,
Fruta,
,
Galleta,
,
Caramelo,
,
Ancho,
,
Pasilla,
,
Mole,
,
Olla,
,
Gorditas,
,
Albondigas,
,
Chimichurri,
,
Pibil,
,
Azul,
,
Negra,
,
Dorado,
,
Plateado,
,
Azteca,
,
Zapoteca,
,
Guajillo,
,
Mulato,
,
Serrano,
,
Tajin,
,
Mamey,
,
Guayaba,
,
Jicama,
,
Pitaya,
,
Chirimoya,
India Bazaar,
,
Patel Brothers,
,
Indo Pak Supermarket,
,
Coconut Hill Indian Grocery,
,
Desi District,
,
Subzi Mandi - Taj Grocers,
,
Royal Sweets and Fast Food,
,
Apna Bazaar Grocery,
,
India Metro Hypermarket,
,
Desi Chowrastha,
India Bazaar,
,
Patel Brothers,
,
Indo Pak Supermarket,
,
Coconut Hill Indian Grocery,
,
Desi District,
,
Subzi Mandi - Taj Grocers,
,
Royal Sweets and Fast Food,
,
Apna Bazaar Grocery,
,
India Metro Hypermarket,
,
Desi Chowrastha,
,
Balaji India Food and Grocery,
,
Bombay Imports,
,
Gandhi Bazar,
,
Madina Market,
,
Man Pasand Grocery,
,
MGM Indian Foods,
,
Taj Grocers,
,
Keemat Grocers,
,
MyHomeGrocers,
,
Bhavani Cash & Carry,
,
Taj Indian Grocery,
,
Subzi Mandi Farmers Market,
,
Spice Bazaar,
,
India Spices and Groceries,
,
Asia World Market,
,
Bharat Grocery,
,
India Bazaar Market,
,
Cherians International Groceries,
,
Namaste Plaza,
,
Krishna Groceries,
,
Apna Bazaar,
,
Maharaja Mart,
,
B & B Bazaar,
,
Shefa Indian Grocery,
,
One World Market,
,
Shalimar Grocery,
,
Taj Mahal Imports,
,
Indo-Asian Groceries & Spices,
,
India Foods & Spices,
,
International Foodland,
,
Indian Grocery Store,
,
Sai India Market,
,
R K Grocery,
,
Foodland India,
,
Spices of India,
,
Patel Indian Groceries,
,
Ashoka Groceries,
,
Indian Supermarket,
,
Super India Market,
,
Krish Foods,
,
India Fresh Market,
,
Green Farm Market,
,
Sunny’s Halal Market,
,
A-1 Indian Grocery,
,
Priya Indian Groceries,
,
Sai Grocery,
,
India House,
,
Bharat Bazar,
,
Big Bazaar,
,
Little India,
,
New India Bazaar,
,
Indian Foods,
,
Shree Indian Grocery,
,
Sriji Indian Grocery,
,
Indian Cash & Carry,
,
Laxmi India Mart,
,
India Mart,
,
Anjali Indian Grocery,
,
Indian Grocery & Spices,
,
Sai Krupa Grocery,
,
Gokul Indian Grocery,
,
India Fresh Market,
,
Spice Land Indian Grocery,
,
Bombay Spice House,
,
Bhartiya Grocers,
,
India House Supermarket,
,
Kalyaan Market,
,
Utsav Indian Grocery,
,
Happy Bazaar,
,
Northside Halal Meats & Groceries,
,
Al-Madina Halal Meat & Grocery,
,
Shan Indian Grocery,
,
Little India Mart,
,
India Cash & Carry,
,
Taj Mahal Groceries,
,
Namaste Grocers,
,
My Indian Grocery,
,
Grocery2India,
,
Krishna Supermarket,
,
Saravana Bhavan Grocery,
,
Aapka Bazaar,
,
Shreeji Supermarket,
,
Apna Bazar,
,
Bharat Mart,
,
Indian Market,
,
India Superstore,
,
Swadeshi Plaza,
,
K S Indian Grocers,
,
Jay Bharat Grocers,
,
New Bharat Bazaar,
Super Mercado Mexico,
,
La Michoacana Supermarket #21,
,
La Michoacana Supermarket #10,
,
La Michoacana Meat Market,
,
El Rio Grande Latin Market,
,
Fiesta Mart,
,
Terry's El Mariachi Supermarkets,
,
El Rancho,
,
La Fiesta,
,
Pro's Ranch Market,
,
Seller's Bros.,
,
Supermercado El Rancho,
,
Mi Tienda,
,
Canino Produce Co.,
,
Amigos,
,
Saver's Cost Plus,
,
El Mercado Fresco,
,
El Rancho Supermercado,
,
La Michoacana Meat Market #2,
,
El Rey Supermarket,
,
El Dorado Supermarket,
,
La Comida,
,
El Mercado,
,
La Michoacana Meat Market #3,
,
El Mercado de la Vida,
,
El Mercado de la Comida,
,
El Mercado de la Comunidad,
,
El Mercado de la Familia,
,
El Mercado de la Cultura,
,
El Mercado de la Salud,
,
El Mercado de la Esperanza,
,
El Mercado de la Amistad,
,
El Mercado de la Paz,
,
El Mercado de la Unidad,
,
El Mercado de la Fe,
,
El Mercado de la Justicia,
,
El Mercado de la Libertad,
,
El Mercado de la Verdad,
,
El Mercado de la Honestidad,
,
El Mercado de la Gratitud,